"1","dataset-config","mae","r2","rmse","recall","precision","TP","FP","TN","FN"
"Sensitivity","junin-densenly-32-adam","1.97549765832374","0.870504888146127","2.51408976936623","0.523809523809524","0.814814814814815","88","20","1234","80"
"Sensitivity","junin-GRU-32-adam","2.13090404178035","0.833221385863504","2.73715410469653","0.571428571428571","0.657534246575342","96","50","1224","72"
"Sensitivity","junin-LSTM-32-adam","2.16803424234082","0.832496215897247","2.77582815052119","0.654761904761905","0.6875","110","50","1227","58"
