"1","dataset-config","mae","r2","rmse","recall","precision","TP","FP","TN","FN"
"Sensitivity","junin-densenly-64-adam","2.05400837150278","0.860723012108747","2.60103719043007","0.31547619047619","0.854838709677419","53","9","1268","115"
"Sensitivity","junin-GRU-64-adam","2.01845289028354","0.856643954762204","2.58333761893297","0.571428571428571","0.671328671328671","96","47","1228","72"
"Sensitivity","junin-LSTM-64-adam","2.08243330943043","0.844823661134506","2.66226623049035","0.5","0.736842105263158","84","30","1248","84"
"Sensitivity","junin-GRU-dropout-64-adam","1.87400190561315","0.898164802969651","2.33588040301991","0.238095238095238","0.909090909090909","40","4","1291","128"
"Sensitivity","junin-GRU-GRU-dropout-64-adam","1.77998015809132","0.902432892207187","2.24797076644233","0.30952380952381","0.896551724137931","52","6","1288","116"
